{
  "n_reference_models": 3,
  "vocab_size": 19,
  "marginal": {
    "3020.dat": 0.07407407407407407,
    "3023.dat": 0.04938271604938271,
    "3004.dat": 0.09876543209876543,
    "3823.dat": 0.037037037037037035,
    "6015.dat": 0.09876543209876543,
    "6014.dat": 0.09876543209876543,
    "3040.dat": 0.024691358024691357,
    "50745.dat": 0.04938271604938271,
    "3001.dat": 0.09876543209876543,
    "3034.dat": 0.012345679012345678,
    "2926.dat": 0.04938271604938271,
    "3039.dat": 0.04938271604938271,
    "3795.dat": 0.037037037037037035,
    "98282.dat": 0.04938271604938271,
    "87079.dat": 0.024691358024691357,
    "18977.dat": 0.04938271604938271,
    "18976.dat": 0.04938271604938271,
    "4070.dat": 0.024691358024691357,
    "87087.dat": 0.024691358024691357
  },
  "connectivity_bigrams": {
    "3020.dat": {
      "3020.dat": 0.11267605633802817,
      "3023.dat": 0.11267605633802817,
      "6015.dat": 0.28169014084507044,
      "6014.dat": 0.22535211267605634,
      "50745.dat": 0.11267605633802817,
      "3034.dat": 0.04225352112676056,
      "2926.dat": 0.08450704225352113,
      "3001.dat": 0.028169014084507043
    },
    "3023.dat": {
      "3020.dat": 0.25,
      "3023.dat": 0.125,
      "6015.dat": 0.5,
      "6014.dat": 0.125
    },
    "3004.dat": {
      "3004.dat": 0.42105263157894735,
      "3823.dat": 0.10526315789473684,
      "3040.dat": 0.21052631578947367,
      "50745.dat": 0.21052631578947367,
      "3001.dat": 0.05263157894736842
    },
    "3823.dat": {
      "3004.dat": 0.23529411764705882,
      "3040.dat": 0.11764705882352941,
      "3001.dat": 0.29411764705882354,
      "3039.dat": 0.23529411764705882,
      "87079.dat": 0.11764705882352941
    },
    "6015.dat": {
      "3020.dat": 0.16666666666666666,
      "3023.dat": 0.13333333333333333,
      "6015.dat": 0.2,
      "6014.dat": 0.26666666666666666,
      "50745.dat": 0.13333333333333333,
      "3034.dat": 0.03333333333333333,
      "2926.dat": 0.06666666666666667
    },
    "6014.dat": {
      "3020.dat": 0.25,
      "3023.dat": 0.0625,
      "6015.dat": 0.5,
      "50745.dat": 0.125,
      "3034.dat": 0.0625
    },
    "3040.dat": {
      "3004.dat": 0.6666666666666666,
      "3823.dat": 0.16666666666666666,
      "3040.dat": 0.16666666666666666
    },
    "50745.dat": {
      "3020.dat": 0.15384615384615385,
      "50745.dat": 0.07692307692307693,
      "3034.dat": 0.07692307692307693,
      "2926.dat": 0.07692307692307693,
      "6015.dat": 0.3076923076923077,
      "6014.dat": 0.15384615384615385,
      "3004.dat": 0.15384615384615385
    },
    "3001.dat": {
      "3001.dat": 0.48484848484848486,
      "3020.dat": 0.030303030303030304,
      "3823.dat": 0.07575757575757576,
      "3039.dat": 0.10606060606060606,
      "3004.dat": 0.030303030303030304,
      "4070.dat": 0.12121212121212122,
      "87087.dat": 0.06060606060606061,
      "87079.dat": 0.09090909090909091
    },
    "3034.dat": {
      "3020.dat": 0.17647058823529413,
      "50745.dat": 0.23529411764705882,
      "2926.dat": 0.11764705882352941,
      "6015.dat": 0.23529411764705882,
      "6014.dat": 0.23529411764705882
    },
    "2926.dat": {
      "3020.dat": 0.125,
      "50745.dat": 0.08333333333333333,
      "3034.dat": 0.041666666666666664,
      "2926.dat": 0.08333333333333333,
      "6015.dat": 0.16666666666666666,
      "3795.dat": 0.125,
      "18977.dat": 0.16666666666666666,
      "18976.dat": 0.16666666666666666,
      "87087.dat": 0.041666666666666664
    },
    "3039.dat": {
      "3001.dat": 0.4666666666666667,
      "3823.dat": 0.26666666666666666,
      "3039.dat": 0.13333333333333333,
      "87079.dat": 0.13333333333333333
    },
    "3795.dat": {
      "3795.dat": 0.15,
      "2926.dat": 0.15,
      "18977.dat": 0.3,
      "18976.dat": 0.3,
      "87087.dat": 0.1
    },
    "87079.dat": {
      "3001.dat": 0.5,
      "3823.dat": 0.16666666666666666,
      "87079.dat": 0.16666666666666666,
      "3039.dat": 0.16666666666666666
    },
    "18977.dat": {
      "3795.dat": 0.21428571428571427,
      "2926.dat": 0.14285714285714285,
      "18977.dat": 0.21428571428571427,
      "18976.dat": 0.2857142857142857,
      "87087.dat": 0.14285714285714285
    },
    "18976.dat": {
      "3795.dat": 0.21428571428571427,
      "2926.dat": 0.14285714285714285,
      "18977.dat": 0.2857142857142857,
      "18976.dat": 0.21428571428571427,
      "87087.dat": 0.14285714285714285
    },
    "4070.dat": {
      "3001.dat": 0.8,
      "87087.dat": 0.2
    },
    "87087.dat": {
      "3795.dat": 0.14285714285714285,
      "3001.dat": 0.14285714285714285,
      "2926.dat": 0.07142857142857142,
      "18977.dat": 0.2857142857142857,
      "18976.dat": 0.2857142857142857,
      "4070.dat": 0.07142857142857142
    }
  },
  "count_distribution": {
    "wheel": {
      "8": 1.0
    },
    "windscreen": {
      "1": 1.0
    },
    "axle": {
      "0": 0.3333333333333333,
      "2": 0.6666666666666666
    },
    "mudguard": {
      "0": 0.3333333333333333,
      "4": 0.6666666666666666
    },
    "slope": {
      "2": 1.0
    }
  }
}